Rank,Symbol,Yahoo_Finance_Ticker
1,BTC,BTC-USD
2,ETH,ETH-USD
3,USDT,USDT-USD
4,BNB,BNB-USD
5,SOL,SOL-USD
6,USDC,USDC-USD
7,XRP,XRP-USD
8,DOGE,DOGE-USD
9,TON,TON-USD
10,ADA,ADA-USD
11,SHIB,SHIB-USD
12,AVAX,AVAX-USD
13,TRX,TRX-USD
14,DOT,DOT-USD
15,BCH,BCH-USD
16,LINK,LINK-USD
17,POL,POL-USD
18,NEAR,NEAR-USD
19,LTC,LTC-USD
20,ICP,ICP-USD
21,FET,FET-USD
22,UNI,UNI-USD
23,APT,APT-USD
24,DAI,DAI-USD
25,STX,STX-USD
26,ETC,ETC-USD
27,MNT,MNT-USD
28,FIL,FIL-USD
29,HBAR,HBAR-USD
30,ARB,ARB-USD
31,RNDR,RNDR-USD
32,VET,VET-USD
33,ATOM,ATOM-USD
34,MKR,MKR-USD
35,OP,OP-USD
36,INJ,INJ-USD
37,GRT,GRT-USD
38,KAS,KAS-USD
39,TIA,TIA-USD
40,IMX,IMX-USD
41,THETA,THETA-USD
42,LDO,LDO-USD
43,WIF,WIF-USD
44,PEPE,PEPE-USD
45,SUI,SUI-USD
46,FDUSD,FDUSD-USD
47,TAO,TAO-USD
48,AR,AR-USD
49,RUNE,RUNE-USD
50,FTM,FTM-USD
51,SEI,SEI-USD
52,BONK,BONK-USD
53,ALGO,ALGO-USD
54,FLOKI,FLOKI-USD
55,AAVE,AAVE-USD
56,QNT,QNT-USD
57,BSV,BSV-USD
58,EGLD,EGLD-USD
59,CORE,CORE-USD
60,BGB,BGB-USD
61,ONDO,ONDO-USD
62,FLOW,FLOW-USD
63,GALA,GALA-USD
64,JUP,JUP-USD
65,PYTH,PYTH-USD
66,STRK,STRK-USD
67,DYDX,DYDX-USD
68,XMR,XMR-USD
69,MINA,MINA-USD
70,CHZ,CHZ-USD
71,AERO,AERO-USD
72,NEO,NEO-USD
73,EOS,EOS-USD
74,ZEC,ZEC-USD
75,KAVA,KAVA-USD
76,WLD,WLD-USD
77,PENDLE,PENDLE-USD
78,XTZ,XTZ-USD
79,ENS,ENS-USD
80,MANA,MANA-USD
81,SAND,SAND-USD
82,CAKE,CAKE-USD
83,ILV,ILV-USD
84,AXS,AXS-USD
85,BLUR,BLUR-USD
86,COMP,COMP-USD
87,SNX,SNX-USD
88,GMX,GMX-USD
89,TWT,TWT-USD
90,CRV,CRV-USD
91,ENJ,ENJ-USD
92,1INCH,1INCH-USD
93,ROSE,ROSE-USD
94,BAT,BAT-USD
95,MASK,MASK-USD
96,GLM,GLM-USD
97,OCEAN,OCEAN-USD
98,ANKR,ANKR-USD
99,IOTA,IOTA-USD
100,CRO,CRO-USD
