run_utc,symbol,ticker,timeframe,direction,bar_time,entry,stop,tp1,tp2,risk_pct,score,grade
2026-09-26 15:29 UTC,DYDX,DYDX-USD,4H,buy,2026-09-26T08:00:00+00:00,0.1398,0.12919851,0.16100298,0.17160447,7.58,73.2,B
2026-09-26 15:29 UTC,AVAX,AVAX-USD,1W,buy,2026-09-14T00:00:00+00:00,11.337066,5.9590435,22.09311,27.471132,47.44,70.0,B
2026-09-26 15:29 UTC,EGLD,EGLD-USD,1D,buy,2026-09-25T00:00:00+00:00,4.6039972,3.5444096,6.7231724,7.78276,23.01,70.0,B
2026-09-26 15:29 UTC,NEAR,NEAR-USD,1W,buy,2026-09-14T00:00:00+00:00,4.1640592,1.8991848,8.6938078,10.958682,54.39,60.0,B
2026-09-26 15:29 UTC,ATOM,ATOM-USD,4H,buy,2026-09-26T08:00:00+00:00,1.8346,1.7183601,2.0670796,2.1833195,6.34,59.7,C
2026-09-26 15:29 UTC,XTZ,XTZ-USD,1W,buy,2026-09-14T00:00:00+00:00,0.34821501,0.18648691,0.67167123,0.83339933,46.44,55.0,C
2026-09-26 15:29 UTC,KAS,KAS-USD,1W,buy,2026-09-14T00:00:00+00:00,0.039937001,0.02419996,0.071411081,0.087148122,39.40,48.3,C
2026-09-26 15:29 UTC,PYTH,PYTH-USD,1W,buy,2026-09-14T00:00:00+00:00,0.061719,0.031751884,0.12165323,0.15162035,48.55,45.0,C
2026-09-26 15:29 UTC,RUNE,RUNE-USD,1W,buy,2026-09-14T00:00:00+00:00,0.56504297,0.36005591,0.9750171,1.1800042,36.28,43.0,D
2026-09-26 15:29 UTC,DOT,DOT-USD,1W,buy,2026-09-14T00:00:00+00:00,1.134866,0.69163746,2.0213231,2.4645516,39.06,42.5,D
2026-09-26 15:29 UTC,LTC,LTC-USD,1W,buy,2026-09-14T00:00:00+00:00,58.736786,41.193308,93.823742,111.36722,29.87,42.1,D
2026-09-26 15:29 UTC,ETC,ETC-USD,1W,buy,2026-09-14T00:00:00+00:00,8.5256109,5.5873383,14.402156,17.340429,34.46,36.3,D
2026-09-26 15:29 UTC,THETA,THETA-USD,1W,buy,2026-09-14T00:00:00+00:00,0.213686,0.11325848,0.41454106,0.51496858,47.00,26.0,D
2026-09-26 15:29 UTC,GRT,GRT6719-USD,1W,buy,2026-09-14T00:00:00+00:00,0.022143999,0.0110151,0.044401798,0.055530697,50.26,23.0,D
